Username,Comment
@_Infinite_Inside,When will come samsung S10 fe and fe+ unboxing ??????
@NaitikLal,0:20 BECAUSE THIS IS THE TIME OF BACK TO COLLEGE AND BACK TO SCHOOL 
@OZEN999,Buying a tab has been my dream since childhood 
@velonex401,HAPPAY RAM NAVAMI GUYS
@AadeeTirkey,Bhai jisko exam ma pass hona vo hazri lagao
@virajsuryavanshi8448,"Go for Redmi SE 4..i was working on a 9k stipend..i purchased on EMI, Today cleared the EMI...it was my first device purchased by self-earning..its an excellent product and the battery life goes for 3 days after 100% charging...IDFC is a good option for EMI."
@partha0603,Ipad 10 gen or S9 fe which is good for study and note taken only .
@AnimeUnit-g5z,Tablet  i pad  2025 - 2050
@Shubhamzzzzzzz,Vote for 30k under smart mobile video
@grindli¬∑com,"I'm not saying this video changed my life, but I'm not saying it didn't"
@standwithReligion,No one notice that Arun said at  1:33 Real me but it's written as Redmi...
@Paras12008,Tablets itne saste price mein acche mil rahe toh sabka interest ayega tablets mein 
@sahilsonalkar3736,Eagrly waiting for this video thanks @trakin tech
@Cartoon_World_creator,Sir samsung tab S9 FE+ ke bare me ek video chahiye pls 
@harshranjan3517,Need a detailed comparison video between i pad 11th gen and OnePlus pad 2
@Race1234-v4i,4:15 Xiaomi is better 
@VinitTandalekar,2:02 Is it really worth to invest in realme pad instead of oneplus pad go?
@ashikkumar_11,Frist comment after watching full video 
@shubhampatelsrx,Make a unboxing and impression video Moto pad 60 pro
@atulbaghresh4877,3:34 samsung aur oneplus list me nhi hai?
@tejasladke4582,New Ipad 11th Gen or used 2022‚Äôs Ipad Air 4th Gen which is best ?
@Invisgamerog,"Thank you bhaiya for the new aspect ratio, full screen mein video aata hain on iphone 15 plus"
@realsigma7856,Samsung tab s10 plus and ultra are in the market but why not tab s10 ???....will tab s10 ever launch or not?
@VivoV21e-sj1xn,The only tablet I can afford‚Äî Paracetamol
@Yashmg146,Moto ka Add Kis kis ka Aaya 
@PotatoBangBang404,Yesterday got the Xiaomi Pad 7 and it's worth it 
@samirahmed4123,"Hey tech bhai, when will the Xiaomi pad 7 pro will launch in India
Or should i go for the pad 7"
@mr.malluclasher,iPad 11 vs Xiaomi pad 7 . Which is better ?
@saranshlohiya5060,Samsung  S9 FE / FE+ Or A9/A9+??
@mothelkhaling5735,What about samsung s9Fe??
@neelamtigga5758,Xiaomi Pad 7 vs Ipad A16 (Which One Should I Buy?)
@tagdashorts5420,Lenovo IdeaPad pro is best among all do review it
@AbhishekPatidar735,"Bhaiya mera budght aprox 30,000 hai konsa jyada better rahega for long term use S9 FE ya ipad 11 ( Although my primary device is of samsung) and mainly purpose for study ,note taking and light gaming , please suggest me"
@blkrody6948,"I have ordered OnePlus Pad 2 12/256 GB variant for 40,000 and still value for money Tablet but if you're paying 40k for a tablet and not getting a sim slot option or calling feature that's really bad  but any ways I got value for money Tablet for 40k."
@ashishashish5194,"Sir I was confused in ipad 11th gen 2025 vs ipad air m3 2025 verients please suggest me 
I want long term usable tablet with fast brausing experience"
@VedantKadam01,"Which tablet is best for study , normal gaming with best OS"
@adityamoravkar9884,Which is the best tab in the budget for Medical students?
@Nnyusou,4:39 it's showing above 30k not 27k
@RCGamer-ff,Bhai Vivo t4x 5g par video banao
@pratikjadhav6397,"Hello sir Abhi Xhaomi Pad 6 lena Acchi Deal hogi kya..?

Or Upcoming samsung or One plus ke pad Bhi aane wale hai April me us ko Bhi add karo"
@Hema_moyade,Lenovo idea tab pro is good for student  ?
@Tech-newsreview8888,Long term study ke liye main bhi a tablet chahta hun  usmein Badi screen hoti hai to Shayad vah Meri aankhon per jyada effect na Karen Ô∏è
@MayankPanchal-h5s,"lenovo idea tab pro  12/256  over xiomi Pad 7 for the official use and note taking, please suggest i m much confused for this two to select"
@technoraj3616,Why there is very less review of samsung tablets
@Just_f.f,Congratulations for 15 million subscribers 
@subhojitsaha6404,"Why not any samsung product??
Please reply sir I am asking genuinely."
@snehu455,For students which is best? I'm starting my college after 2 months
@nihaluddhav2072,Thank you sir 
@murtaza7-y7c,"I'm confused which one should I get between xiaomi pad 7 or ipad 11th gen? For gaming, studying and multitasking"
@WhoDhulo,Best earbuds and neckband under 5000
@anuraggautam5636,"is ""galaxy tab s9 fe plus"" not a good option ?"
@madhavendrashenoy,Ipad is the gold standard for tablets
@yatinkumar7586,Which one is better I pad or samsung s10 fe plus???
@RajarshiMukherjee-p9o,6 minutes!Trakin Tech sir is the BEST!
@lucyparker1538,"Suggestion: 
Kindly include details about stylus for individual tablets. Like what stylus are supported or what technology it uses for stylus. 
Third party stylus spported or not.

Rest video format is good. 
Keep this series going.

Opinion:
I think people are now prefering tablets because most of their performance demanding task could be easily done on android, with the recent jump in performance to price ratios. One wants bigger screen, more control, easy portability, all boxes are checked by tablets.
I am soon going to transition from gaming laptop to tablet. My basic use case is studying: watching lecture, note taking, casual gaming, video editing, etc."
@thakkarjainik4800,Kya ipad air m3 5 -6 years smooth chalega ?----please reply
@texanshorts,Can we add a SIM in a tab?
@DIPENDRAKUMAR-y7d,"The best part of this tech family channel is its for everyone either its for adult,students,old people 
Your team& you consider every aspects of people .....efforts matters for MENS "
@TheSurajRawatVlogs,Jo video chah rha tha...vhi aa gyi. Thanks a lot brother 
@CatalogueOFFICIAL,Which one is best Xiaomi 7 or iPad 11
@manav_ahire,Aapka alvideo ka aspect ratio mobile mein perfect aa rha hai
@neelamsgallery,Which is best tablet under 30 k for affiliate marketing on social platforms WhatsApp etc
@Picasso0511,OnePlus pad 3 kaab ayega?
@chintuzone6881,lenovo tab plus is underrated and recommendable. its sound quality is ultra premium and zui 17 based on android 15 got now. stock rom. clean .all features included. . i got in bbd sale rs15k. also at some sales prices slash. you can look for it if not for major gaming
@mayankaggarwal3527,Any 5G connectivity best Android tablet?! Suggest please
@DBGPLAY,My favourite tech channel 
@SagarKalra-u5m,"My budget is 20-25k , should i get a S9 FE tab or any other suggestion?? Want to make notes and little bit of video editing"
@raifulislam1350,"I want xiaomi pad 7 pro or xiaomi pad 6s pro ,but both are unavailable in india right now. I don't want samsung or I pad . What can I do?"
@Sunil4922kumar,"Can we replace tablet with laptop for using Microsoft Excel,.."
@ecstacyworld987,is S9 fe worth it under 30k or ipad?
@prasunnonstop13,Realmeui in redmi pad  2:21
@DelayedNeutronss,"You didn't mention the Samsung Galaxy Tab S9 FE, one of the best tabs out there, at a very reliable price, comes with an S-pen. The Samsung Note app is best for making notes; I've been using it for the last 4 months. This tab is currently below 30k in flipkart."
@anishtoppo08,Kya ham I pad 11 gen se vn pr video editing kar sakte h....koi leg problem ya koi or problem ho sakta h??...kyoki....me confused hu ki ipad air lena chahiye ya I pad 11 gen ...mera budget bhi jyada nh h....mujhe bus kabhi kabhi youtube or instagram ke liye..video editing karna h ....full hd video ya kabhi kaabhi 4k.... normal edit...bus...
@stupengamer,"ipad me jo pencil supported hai, usme pressure sensitvity nai hai na? matlab procreate use nai kar sakte hain isme"
@mahakaalll2001,It's shocking to see apne under 20k category mei Galaxy Tab A9plus ka zikr v nhi kiya...instead of that yeh sb poco aur redmi xiaomi k faltu kachra wala tabs ko recommend krte chale gye....Tab A9plus is such a gem is under 20k price bracket...i bought it in 2024 diwali it's marvelous....I dnt feel that it's under 20k price...yeah there are few limitations bt still it's the best in its price range...aabtak March ka security update v mil gya..aur in coming April 2nd week OneUI 7 v mil jayga...I mean it's so good
@ShubhamrajeMohitepatil,Which laptop do you use
@vishwajeetnikam,Best one for trading  konsa le sir please suggest
@RUGy_12,How's the redmi pad pro. I think it's best
@IshantChaudhari007,"This Video must include Samsung galaxy Tab S9 fe 
I am using this tab for 6 months best for productivity and get warm on gaming with high settings"
@itsarjun19,Can we connect wireless keyboard and mouse through usb adapter on Xiaomi pad 7?
@ariflifestyle7647,25k mai Ipad mini 6th lena sahi rahega gaming k liye....????
@Saksham-f4z,"Why didn't you added Xiaomi pad 6 in under 20k segment?
It is way better than those tabs you said in under 20k segment!!!
Didn't expected from you brother"
@Alamgts,Nothing Phone 3a 128gb aur 256bg Variant Me Kya Alag Hai Ya Same Hai ??
@Tweencraftoon01,Video editing ke liye konsa tab best hai
@priyam3361,Please sir continue this tablet series 
@manish.badgujar_,Good video 
@VivekPratapSingh-tw7hn,First comment 
@smartavinashyt2617,Awesome 
@ariflifestyle7647,Sir 30k mai Ipad pro 2020 lena kaisa rahe ga? ???please reply
@ManjitKumar-i7o,Big fan 
@krissh4389,Sir when the unboxing video of Pixel 9a will come
@aksrivastav3437,Realme p3 vs vivo t3 me best camera kaun hai
@mithileshchaudhary8216,Makea video on budget friendly keyboard for ipad 9th gen.
@NM-yj6uu,"Lenovo tab pro - is HDR or Dolby vision present in Netflix, prime video and YouTube?"
@ssosach75,Lenovo tab plus kaisa hai?
@dragonsmile5722,Make a video of tablet for collage under 55000.
@Rajeev_100,Kon kon Gaming ke liye lene ki soch rahe hai 
@itz_UNKNOWN_EDITZ,Best laptops under 30000 please 
@mohammadshamskhan,2:01 realme ui  redmi ui
@XenlotGaming,Sir please make a video on under 30 to 35000 budget price best phones current now
@pallemchanakya573,Bro....A small correction in your Video.......The Second Tablet that you have shown less than 15k price range is REALME PAD 2.....Ur Team has written as REDMI PAD 2 ..... A small correction and request only..Please don't mind Bro
@ihenryss,How is Realme Pad 2 lite ??
@MaheraKhan-i9v,"Bhagwan ka diya sab kuch hai 
Lekin kaha hai pasta nahi"
@DODOWON,Why narzo 80 pro review is still now not available?
@jun_kumar,Nice video 
@Abhijee_t,Can you make video on best phone under 25-30-35k?
@pratappatel5448,Suggest for best mobile under 20k to 25k
@POWER_STAR_PRINCE,KON KON AB TABLET USE KARNA CHAHTA HAI 
@thefacebookthefacebook6352,Pubg wala lo ka kamal hai 
@harshrajawat744,Bro make a dedicated vedio on tablets under 15000
@AditiGamingGirl,Xiaomi pad is best 
@Roy2004_,Make top 5 best laptops under 30-35K please
@harishmayanglambam4138,Plz make video also for sim card support tablet
@Eluminati548,"Refurbished ipad air m1 is still worth it in 2025 ??
Please reply "
@indranilchatterjee7202,"Are sir kaha the app itne din , ye video bahut helpful hai mere life , cause I'm planning to buy one"
@towfickimroj1101,Moto ka ad kis kisko aya 
@SnehashisBasak,Arun Sir Motorola edge 60 ultra ka price kitna hoga ?
@rajneeshgupta23,make a vdo on moto pad 60 pro please
@Adarsh_yadav_4141,Sir what about redmi pad 6 
@ADARSHPOTADAR,Mi pad 6 18999 me Lena worth he kya?
@VISHAL_FF_83,when will iqoo neo 10 pro come in india
@SurenThapar-i5y,Ipad me koi free of cost note taking app bta do plzz as a student
@BhashkarMishraa,Make video on S25 ultra camera. U promised that u will make video on camera also but u forgot. Kindly make it
@abhishekdhore1910,Please tell good windows tablet..
@SujataSonawane-h9h,Samsung is good or not??
@ramraodabhade5924,Please make seperate video for tablet with pen
@DurgeshGupta-i3b,0.32 sir can touched 15M 
@inlyrics6321,Where are samsung s9 fe and A9 plus ??
@saurabhmirajkar4392,"@Trakin Tech, In this  video you didn't talked  about how many software update brand will  provide. As a User it's a very difficult to find these information. I hope next time you will add these details in your video."
@sirajuddinshaikh2758,You missed to mention that Lenovo idea tab pro includes pencil in the box at no extra cost that make more value
@CXMoYNoob,Watching this on ipad 11 gen
@ankiyadavvvv,Bro check 2:02 time stamp there is a mistake thats realme tablet not redmi
@cyruxgaming127,"Sir ,can you make a video on Samsung tablets,there are many options in that so can you make a video specifically for all samsung tablets....."
@TechAsh1,Who got motorola ad like here 
@Koushik_99x,From where I can get the official trackpad keyboard for Xiaomi pad 7
@debojitnath2178,Apne Lenovo pro tablet nehi dekha kya??
@kanhaiyalalgupta6183,Sir poco c71 ke upar ek video bnao na please
@Kaustav9020,Ipad 11th gen is not worth buying
@ShivamKumar-lt7qr,Sir.. samsung galaxy s9 fe plus ka video bana do ...lu ya na.....bahut sare video dekha pr confuse hoon
@SiddharthKumar-ci3qd,Sir under 40 k best phone ka video kab ayega
@UtkarshKale-q5w,Sir OnePlus Pad. 28999 ko hai aacha hei kya
@ViratGaliyan,Iam watching in poco pad 5g 
@mr.huzaifa09,BEST 5G TABLET FOR (STUDENT)
@sudiptasarkar9049,"Sir me primarily gaming ,then multimedia consumption after that...normal use k liye ek tablet search kr raha hu, to long term k liye kyuki me bar bar invest nahi kr payunga, to kya ipad lena chahiye? Yafir lenovo ya mipad 7 konsa best hoga please thora help kijiye ga"
@AniketUpadhyay-z8h,Upcoming kya koi achha tablet 25000 tak aayega
@rashyaj,Hello I would like to know how do you get mobile phone from china ?
@mrigankadas8435,Where is Galaxy tab s9 fe plus?
@tw11world61,"How I get students discount on iPad 11th gen 
Where this option com plz reply"
@SS.production-u,Should we buy macbook air m1 or m2 in 2025 as a diploma student.
@Killerff39-n3d,1:30 1:33 1:33 1:34 1:34 1:34 1:34 1:34
@cartoondhamaka-js8te,Vivox200pro and xiomi 15ultra compare kijiya
@ViratGaliyan,Iam watching in poco pad 5g 
@MadinaMobile-m3b,Sir  vivo v50 pro Launch date
@JeetMondal-nt7gp,Video on Best mobile under 25k
@deepakbagade2363,"Sir.... Please tell me lowest price me (only) best study  digitaly notes making with Stylus pen and big screen ke liye kon tablet le 
Please suggest me I'm waiting for your valuable answer"
@kartiknarang208,Can you please tell me that xiaomi pad 7 will conect with mobile hotspot or not ?
@rajkumargaur1733,Moto ka add dekhkar kon a raha hai
@abhayjayesh,"That non laminated display of iPad just isn't good enough to enjoy content viewing, had iPad 10th gen for 5 months now sold it.."
@amstatus9454,"HARD REQUEST 
VIVO T3 ULTRA AFTER FUNTUCH OS 15 ANDROID 15 UPDATE KE BAAD NIGHT CAMERA AKDAM KHARB HO GYA KUCH BHI SHOW NHI HO RHA . AE PROBLEM KAY NEXT UPDATED KE BAAD THIK HOGA YA FIR SERVICE CENTRE JAKE BOLNA PADEGA PLZ SUGGEST ME ."
@ArvindKumar-m8c3g,Sir i 'm your biggest fan hr vedio dekhta hu sr 
@kapilvanik,Good information tablet video 
@DeepeshYaduvanshi-u1q,Bhai 18% gst kaise claim karu  ipad 11 gen
@PrasantaMadhuCrezyWorld,Video editing kliye konsa tab sehi rehga under 30000
@rajukhillare2763,‡§∏‡§∞ ‡§∏‡•ç‡§ï‡•ç‡§∞‡•Ä‡§® 10 ‡§ï‡•á ‡§®‡•Ä‡§ö‡•á ‡§π‡•ã ‡§§‡•ã ‡§¨‡§°‡§ø‡§Ø‡§æ ‡§π‡•à.....
@ParthaRay-x6m,any new launch(after march 2025)  coming in tablet industry from Samsung ?
@Bhuvneshbh,Review redmi pad pro 5g 
@sumanpal9256,suggest best tablet for Multimedia only‚Ä¶ watching content on youtube and movies on netflix‚Ä¶ No budget problem
@brahmanboys6209,But samsung s9 fe best for students and non Gamer person
@arastunnisha,Bhai infinix xpad 4g ka kya
@Nihal1412,Sir ipad 11 base vs Xiaomi pad 7 top variant nano texture display comparison
@NiruponBiswas-el5ke,Guy's pad 7 or 11th gen?
@Nnyusou,Finally most requested
@aryanjawed1087,Bro yesterday i bought xiaomi pad 7 and its worth it 
@Gamezztopia,Because of anime 
@shenphenvlogs,I'm so confused so which is perfect mi pad 7 vs idea pro?
@sudeepkumar-s2y,sir samsung s10 fe tab pr video chahiye plzz..
@punammishra7403,What about motorola pad 60 pro?
@sagardhond5784,Can you help me to know about lenovo tabs
@snehalverma9306,Hows xiaomi pad pro ?!
@ectomorph01,Sir G Lenovo m10 tab 5g review do please
@KaranBoricha-pv7gv,"Vivo x200 mini
 ya phir oppo find 8 x s in dono me se koi phone india me launch hoga kya"
@sciencehunts,1:32-spoken realme instead of redmi..............please correct
@HemantBansal_Ki_Mummy,Bought pad 7 with focus pen.... Everything is superb..but sometimes when its heat its os become s laggy
@KrishnaSharma-g1g5o,Where is oneplus pad 2.....??
@RakeshSingh-nu3dc,"Sir aap se ek baat puchni thi 
Ki aagar aapke paas thora sa time ho to 
Agar watshop hack ho jaye or link ko logout nahi kiya h darect reset kar diya phone to 
Watshop hack hona band ho jayega 
Plz 
Sir Aap to mobile ke bare m hi batae ho"
@momo0o0,What about xiaomi pad pro 5g?
@pranavkumar7758,Poco pad ke liye kon sa stylus support krega kuki ushka original stylus nhi aata hai stock mei
@sachinbanjara3346,1st comment 
@Moviesfectory,Best leptop under 35000 please 
@CARSTonyFrank,"Sir, make an unboxing video and review of newly launched Samsung Galaxy Tab S10 fe and S10 fe plus"
@KaramchandraSrivastava,Sir please make a video on best phone under 15000 please
@shwetsharma5238,In the second tab suggestion it's realme pad 2 you have written Redmi Pad 2. The confusion it created 
@AmitKumar-gm3eo,Realme pad mein pencil kam Karega sir
@dikshagupta9078,Redmi pad pro 5 is the best with sim slot available  under 30k
@Quest0809,Can I use Microsoft office (official version) in tablet?
@GeekyAlii,Rog Ally at 35k a proper high end windows gaming machine
@nirmalsaud7810,Banglore mein one plus 13 buy karane key Liye kisa store mein jaa sakatey Hy jahaa Easily Mila jaaye
@Prashant-rp2go,Suggest best tab for study with pen under 30k
@BelaluddinAnsari-o1o,Sir khus kr diye like v comment aur sub‚Ä¶‚Ä¶‚Ä¶
@ASHIQBHAIGAMING2006,Nice video 
@DlowCodfish,How can you forget about samsung galaxy s9 fe !!
@calming_king-wz6hr,"Hi, you said realme pad 2 but you had mentioned redmi pad 2 in that animation of specs‚Ä¶.."
@manojhsidbdb,Sir 6.7 inches screen aslele Mobile vaprun khup tras hot ahe small size chya Mobile cha video banvta ka in hand feel ok pahije
@mythosray,Using Xiaomi Pad 7 with F6. Perfect Combo!  (4+6yrs Update increased for Pad 7)
@aayansharma0751,1:40 Realme ko redmi likha hai
@ketannarwade105,I thought of buying Tablet from just yesterday  and sir posted video in same time
@ScienceandPushkar,I need this video 
@IndianVale-ny5fl,Mai bhi ipad dhundh rha tha isi range mai
@_R__P-.,Radmi pad 6max india lonch
@Daksh_20245,"Galaxy tab s9 fe are best 
Why this not listed"
@Akshun_k,What about oneplus pad 2?
@prathmeshkodale4709,What about lenovo tab p11 pro gen 2?
@aniketzode890,Sir how to buy an ipad generation 11 under 30 k
@sadlife30,Sir please moto edge 60 fusion give me 
@marvelboy9374,"Pls make video on vivo t4x
Koi bol reha hae acha hae or koi bekar
Plsss"
@Manthan-n2x,Sir please get a video on Samsung S9 fe + as S10 fe is launched the price will be reduced
@AvinashKumar-x2j,Sir samsung s9 fe tablet shi hai ???
@Happy-ks9yo,lenovo idea pad pro??
@DEEPAKTARWAY-f2d,"Under 30k kon sa tablet best hai..
Xoami pad 7.. ya.. Lenovo idea tab ya iPad 11th gen"
@chaitanyajadhav2473,Realme pad x ?
@Ngomle-d6q,Samsung galaxy s9 fe is best segment under 30k 
@vish3sh_,"Idk why they add all the chinese devices everytime, no samsung or ipad primarily is suggested."
@sandichatterjee941,give some good tablet after service suggestion.
@Shortsvlogwithme,Lenovo tab m10 5g is best tablet under 22000‚Çπ
@fahmida-thedrawholic,Make a video comaparing between xioami pad 7 and samsung s9 fe
@MKMusicseries001,sir apne 20k me Honor pad 9 ke bare me nhi bataya wo bhi under 20k bahot acha pad hai
@RIOO03,We want budget laptop for student 50k
@ugnadawasi.,Ipad 11 under 30 k kaise milega +student offer ?
@sujitkumar1001,Bro i pad 11me  mobile ka app sport karega kya
@abhinavbhowmik5015,Compare lenovo idea tab pro vs xiaomi pad 7
@Faizkhan720.,Let's vote for best laptops   under 70k-80k .
@Sandeepanand-7,Redmi pad pro ?
@AashishKumar-b7b,"Please tell me sir
Best tablet under 50k to 60k"
@atlas_grey,Plse do a video on best tablets under 50000/-
@akashshah1010,iQOO Neo 10 R Vs Motorola Edge 60 fusion madhe 1 video banavata ka kuthla buy karava
@PremSagar-d7o,First view and first comment
@zulfikar_112,Why have you ignored OnePlus pad 1 ? It sometimes comes under 25k for 8gb ram & 256gb rom.
@muzmmils,how is Samsung s9 fe?
@hardiksharma6269,Mujhe to oneplus pad 12 gb vala 25k me mil gya
@CodeKumar,Why Not Redmi Pad Pro 5G Added
@pratappatel5448,What about nothing 3a phone please suggest
@GetSetThat,Why budget tablets doesn't have amoled display?
@dhara117,"Anyone have used any of these tab, pls tell which one is good to go..."
@ashutoshgupta224,Oppo pad 4 pro launching with oneplus pad 2 pro later if they come india they will be best
@MastagGtCar,Hello moto 
@Apna_holkar,Realme pad 2  ki jagah redmi pad 2 video words ka use Kiya hai sir mistake
@ShethManthan-sk2hz,Iqoo neo 10 pro launching..??
@Amazingvideo2222,Motorola pad 60 pro unboxing
@desi_Harshitofficial,badiya bhai hathh theek hoogaya aap ka
@cuboital8722,Bhai Lenovo idea pad pro ki unboxing lao
@sarojkmrgyan,Month me one tablet video bnaiye sir
@theyashrajkumar,I buy realme pad 2 lite under 10k recently  
@PrateekSoni-i3y,I think  samsung s9 fe+ is best if available under 30000
@hypergaming2630,Please make a video for 20k
@CyrusPatel-u4q,"Sir, Moto pad 60 pro ka kya score hai?, iski koi baat he nahi kerta."
@altamashshaikh7618,Bro I'm thinking about Xiaome pad 6
@rkbbest5512,Under 20000 best smartphone 
@Navharvi,"Maine bhi liya hai tab xiaomi pad 6, mast hai."
@mayanksharma5219,Arun bhaiya aap smartphone periscope zoom lens ke bare me details video baniye please
@GauravDeshmukh-n3u,"Sir 5g tab  with sim 5g slot  
Tab witch is best under 30000
 5g for online classes"
@SabirAnsariSabirAnsari-e8t,Bhai vivo y 39 ka bataiye kesa phone he
@MediaBiker777,Lava Ka Tablets Kab Ayega Yar ?
@funnytime-n5d,Apple Iphone and iPad me kitne years ke updates provide karta hai 
@Serith12,Unboxing samsung tab s10 ultra plz brother 
@sandeepnishad4488,Oneplus pad 2 kaisa hai
@ak01s,One Plus pad 2 bhool gye aap
@3dhruv3,"What about samsung ""tab S9 FE"""
@SS.production-u,Please make a video on it.
@gayyurali7030,Bahi koi launch hogi kya nai tab video bano
@deepur777,Sir apne Lenovo idea tap ka video nahi banaya hai kyu sir very sad
@Azzoo_0,"You can rant against Apple in phone category, but its tab is incomparable. Save enough and buy base version ipad. Its more than enough for most."
@shivam0612,xiaomi tab 6 i purchased in 19000 today....best tablet till now
@swamigaik,I am watching this on a tablet. The best viewing experience is on xiaomi pad 6.
@Soulmusic_07,What about s9fe under 30k
@anshsingh45,Sir big fan please realme neo 7 and realme neo 7 se india launch date bataiye please
@GenZ_Tech_Gaming,My samsung f15 faced issue called screen burning the youtube search logo get permanent on the screen when I close the app it still shows and anyos me does it cover under warranty
@raynesispearl2650,Just purchased Xiaomi 15 and the pad 7 with the nano display with the focus pen. Damn the experience has been great.
@shahronak_,Suggest good headphones around 3k
@gopaltherover,Good for creators
@mayurivinchurkar7372,Sir why not one plus pad 2
@priyanshuraaz2822,Lenevo me to pen bhi de Raha hai 
@shi539,Comment kar deta hu like milegaa 
@GurunadhRaoRao,Waiting for samsung tab s10 fe and s10 fe+
@RJ-nj1zh,Bro students ke liye offer milta hai
@jrb4688,Trakin Tech Guys Support Kijiye Sir Ko
@yaduvanshianurag0909,OnePlus  kyu ni btya aapne
@ankitsandil8762,Bhai samsung ka tab kaha he
@your-entertainment-needs,What about one plus pad 2 it has s 8 gen 3
@m.s8345,Arun bhai one plus ka pad bula diya apne 
@SidharthaSankarBiswal-k9f,Bro LTE and also 5g tab please under 35k
@MOHAMMEDIBRAHIMMOHAMMEDIBR-h3t,Poco pad has 5G connectivity bro you said mistake
@DurgeshGupta-i3b,15 million 
@BenedictCumberbatch-wo1tt,Under 10 to 12k lenovo m11
@ViratGaliyan,Bro poco pad is 5g not wifi
@TheCamperZ,Watching in samsung galaxy a9+ 
@Dharuv-Parashar007,Motorola ads
@hironsaikh2365,Please someone tell me best 5G tablet within 25000
@shreyaswakchaure467,They should start giving amoled display on tablets ‚Ä¶as its used for content watching‚Ä¶.please give this review to brands ‚Ä¶it can be a differentiator ‚Ä¶as many of the use tablet for content consumption
@BenedictCumberbatch-wo1tt,Under 30 k please buy apple 
@officialvicky473,Lenovo idea tab pro ka unboxing kariye
@nivanshi111,2:23 lenvo p12 please 
@shivprasadpatro3795,"Kya xaomi tab 3-4 saal chalega , ya mujhe apple ke taraf dekhna chahiye , i am a mbbs student , so studies is my first priority"
@mrunknownahir_rky,laptop under 40k video kb aayega
@RuhulAmin-my5oj,Love from Bangladesh Arun vai...
@barium8500,"Bhai..app video bana ne se pehle research nahi krte ho kya..
Bhai under 11k honor pad 9a is best and under 16k oneplus pad go is the best and under 20k lenovo pad p12 is the best. Bhai app thora aache se research kr liya kro..aacha nahi lagta jtne bada chanel hai or kuch bhe suggest kr rhe hoo.."
@RajivSharma-ni8ld,"make a comparion video of oneplus pad 2 vs ipad 11th gen, because i am looking for to buy one, an i have oneplus phone"
@Ahkam2-q2t,Lenovo tab p12 under 18k ma kaisa rahega  
@BenedictCumberbatch-wo1tt,Under 20k Lenovo pad p12 
@SugataMaity-v5r,I ordered Samsung Galaxy Tab A9+ on Thursday and now this video come 
@-AnuvaB-,under 30k apple 60hz display wow very value for money 
@Robin-g9e,2nd realme tab m redmi tab likha hua h editing mistake
@Qaws123drf,Bhai 10 se 25 haraz tk lenovo ke bhut acche tablet hai
@OnichanRandom123,Ipad is best but cant install apks 
@Etah_,I have sumsung galaxy s9 fe bahut mast hai
@Amazingvideo2222,Motorola pad 60 pro unboxing
@arpitjha6485,India me infinix note 50 kab lunch hoga pelis comment 
@ashhadneet1118,Samsung tab s10 fe plus per video
@PratikPatil-fe9ue,Best laptop for coding and editing under 50000 in 2025 video plies
@Tensorts,Trakin Tech 
@Shubhamzzzzzzz,First comment 
@annuvines,30 k all rounder phone
@ManojKumar-rp4wv,Bro i need 5G /4G Tablet 
@Amazingvideo2222,Motorola pad 60 pro unboxing
@whymewhyme1,60k tak atleast bata dete
@GratefuL-2,You should say lenovo tab pro comes with pen but not other tablets
@ANKUTZ407,Sir student's ke liye tablets  bataiye na
@therankersacademyngp,Xaiome tab is 5g and phone calling support
@VipinMalviya,15000 tk bhi ek bna doo
@ShahidKhan-zv3uj,Hi bro mobile ka video dalo under 30k. 40k april
@abhishekacharya6488,Lenovo m11 with pen= 13000/- only
@AmitGiri-t3l,Sir ji only coding ke liye laptop video bna dijiyega please jaldhi 4 se 5 din me lena hai please sir ji 
@JenniferPais-t7x,What about Lenovo tablet
@arayan625,Please review lenevo idea tab pro ka review
@rupamdey4832,All is good but 9900 rs ka pencil 
@ROHITVERMA-le3ys,Xiaomi pad 6 kitne sal tak koi v app ko sport krega agr 2025 me lete hai to
@Mehul.Chavada.1204,1k subc complete  thank you all friends
@IMKITTYQUEEN,Just reading spacs lol
@balaramrout923,Readmi pad 2 nehi he is a fake give link
@BIHARI_FRIENDS,Why not samsung s9fe
@shripadjoshi8195,Best tablet under 20000 student
@shridharniranjan625,Good evening all friends
@loardsman,Lenovo tab p12 is best under 20k 
@xyz-ts8oe,Kull milakar  agar apple ecosystem lena ipad 11 le lo aur agar android chahiye toh xiaomi pad 7
@AtishParab-g6k,Why you did not include Redmi pad pro 5G in this list ????? It's most versatile tablet under 25 K (With Offers) . Don't you agree?
@shantanukumar6046,Lenovo me pen bhi sath me aata hai ye kyu nahi bola
@GoogleGoogle-gh2cs,Love from Pakistan 
@crazyfreefire1741,Poco F7 pro launch  date
@Kabir0876,Redmi pad pro 5g
@rjtechnology4073,Big Bhaia itna subscriber kaise badhaye
@ONERAMA26,Lava bold 5g mai video
@AazanQureshi-y5q,Sir plz Samsung tab s10fe+
@manasibanerjeemukherjee5418,60k ke niche tab;et please.. for study
@Atharvkhubanvar,Oppo and Moto main kya similar batao
@techgamer3837,"Redmi Pad 7 is unbeatable really. 
Best Gaming, Best software at it's price.. Overall an Allrounder."
@sarikasingh9108,Next video on laptop review 25
@vishalpadutechuubi1998,Poco pad have the Sim 5g
@divyanshusinha7645,meanwhile me who was expecting s9 fe to be on this list kyuki ofc trump tariff and samsung provides better reliability in all aspects than redmi and other android tabs
@arenaprogaming9351,Is WhatsApp available in ipad 11gen
@kapil_007,Refurbished iphone 15 pro max  lena chaiya ke nahi
@officialtyagi9983,Yogo ji ki mehrbani se me Samsung A9 tab use kar rha hu GZB ka tab hai 
@hazratali-lz2nr,Redmi pad pro bast
@Damage_000,Main abhi Samsung j7 Prime isme maal kar raha hoon abhi bhi thik thak kam kar raha hai
@pratiksahoo2544,Any tablet under 80000
@ravindrathosar,Suggest below 150000
@bharatsarkardoubleO1,LENOVO LEGION?
@Ommehta-z1e,Gt 30 pro
@yashpathak21,"Honor pad x8a is an amazing tablet at the price point of 10k
Why doesn't anyone is talking about it ???"
@TechNation3M,Realme pad 2 ko redmi pad 2 likha hua hai
@MiTv-z1s,Realme pad missing
@JanviSingh-o7f,Realme pad 7 vs ipad
@TheViralResort,Bro has issued with Samsung
@NITIN_theNEETaspirant,Waiting for it
@SPIDgamingyoutube,Sir laptop ka video laka aooo under 40000
@MohitJangir-fo7cy,"Sir please me bahut intelligent hu pr mere paas padiye ke liye koi tecnology nhi hai please sir 
Help me"
@Official_Badal_03,Op 
@Raviranjanq,I Pad 11 
@Bhavik6237,Sir pakka ipad 11 gen under 30k
@musichits6520,Samsung is missing
@vishalpadutechuubi1998,Wrong name replace with realme pad 2
@AtomicHarrish,One plus pad2 is best under 30 to 35 k
@MoRohid,Nice
@thestardom_555,"Most of the time written kuch or aa rha hai aap kuch or bata rahe ho  recheck this video you will get wrong point, plz next video me dhyan rakhna "
@dhruva2212,One plus pad
@advaitdhawas,sir Samsung s9 kasa rahin
@surajgaming1282,I pad 11gen not available to 34000
@JNADWI,Tablet 5G sim verient link send
@Rana.Mahkaar.Ali12,"Around 15k don't go with the suggested one instead go with Lenovo Tab Plus, multimedia experience>>"
@abhishekanand7607,Got ipad 11 at 30k price
@S_Rider_01,Vivo V50 pro India launch date sir please reply 
@Aawaravlogs5,Thanx for 44 suscriber  keep supporting 
@Produnty,"Lenovo tab pro 
Ipad 11gen
Xiaomi pad 7"
@badaldhurve6939,-
@01_boy_as,141 rank 
@satyajitsoren,"OnePlus pad abhi 27999/- pe aa raha, wo kyun nhi bataya.."
@mahimulislamrahim1,"FREE, FREE ""P A L E S T I N E"" üáµüá∏"
@jitendrarenua4854,Best Laptop under 45000
@TechSamyak293,"Ajakal tab, laptops, computer kon hi leraha hai."
@SPStudio-a,Mane xiaomi pad 7 khareeda hai mare channel main unboxing video hai 
@Ankush_444_ff_10k,Lenova pad P12 kasa ahe 17k/18k madhe
@Neuralengine1,10k rs honor pad x8a is best
@theshahedshaikh,Rebmi nahi realme pad 2
@hasmukhparmar8318,Upcoming new tablet
@status__king3390,I want ipad pro m4
@sonubareth5400,1st one 
@FFcomedyshorts-d8e,Lenovo Idea tab pro
@thephysicscatalyst6048,"99% mobile manufacturing in india after 2014 BJP government, 99% import from China at congress government!"
@MRROCKGMR,one plus pro best  
@shankn3520,"Lenovo‚Äôs Shameful Tactics ‚Äì Deliberate Refund Delays & Mental Harassment

I am writing to follow up on the refund for the laptop I returned. Please address the following points:

Cheque Clearing: Please expedite the clearing of the large amount cheque issued against the returned laptop.
Pending Amount: Clarify the Rs 100 that is pending and provide details on what this amount is for.
Refund Date: I need a confirmed date for when the refund will be processed.
Laptop Receipt: Confirm the date you received the returned laptop.


Is LENOVO STAFF IRRITATING CUSTOMER BY DELAYING PAYMENT.. More than20 Days passed away but still not ready to refund   customers payment
Laptop successfull arrived at LENOVO CENTER..
NO LEGAL REPLY As date etc mentioned above.. Just delaying and delaying... payment
Lenovo‚Äôs Shameful Tactics ‚Äì Deliberate Refund Delays & Mental Harassment"
@TarunKumarSuryavnshi,ISI channel me in sab tablet's Jo Bata rahe ho uska unboxing detail video banaya Hai
@djankitmuzaffarpur,Oneplus pad 
@DEMONDESRUCTO__YT,"bhai maine aapko pehle bhi comment kiya tha ki aap best gaming tws under 1500 and under3000 pe banao aapne abhi tak nahi dekha mera comment 

or saath hii maine aako same pice amount best gaming headphones pe banane ke liye bhi bola aapki pehle waali video mai

 so aap  please bana do"
@RealandReel2203,"A Pink Vertical line has appeared on my Samsung M52 5G mobile after 3 years of buying. Samsung Service Centre verbally gave an estimate of Rs. 8,900.00 replacing the display. To me it is better to buy a new mobile than repairing the old one. 
It is very much disappointing.  Never expect such things from a renowned company like Samsung."
@RandhirPandit-ck9bq,Bhai Aapka Channel daba diya ab to khush ho bahut Aapka friend hai 5 Sal bad Maine Aapka Channel channel ko dabaya 5 Sal Se video Dekhkar aaj meri
@shubhashish771,Ea log comment nahi parta 
@MrMotivator.A1,Mera iphone tha13 pro battery is bad android better
@riyariya6023,Tablet kavi video banaye please
@InayatRayees-m5o,First comment
@magicpiemagicpie,Without LTE support Tablets are just Garbage.
@RahulRider9955,Lenovo Bekar Battery 
@RameshKuit,Jai shree Ram 
@vinodsamukhe3351,-
@varunpandey6297,5:11
@ASTROKUNJ,"Samsung s9 fe 6,128"
@noobguy009,"sir ap apna purana iqoo 13 gift kardo gaming channel kholna hai sir , mere phone me 3gb ram hai acha nhi chalta"
@ankurpathak9485,Ipad kidhar 30k me mil rha bhai mtlb kuch bhi
@abhijayadey7207,Lenovo idea tab Pro
@TarunKumarSuryavnshi,Top 4 5 6 ka rank ab band karo ab naya trend chalu karo aur top 10 ka
@VishalKumar-x4s8f,Xiaomi pad 7 I have
@minakshiingale2336,Sir under 80000
@Official_Aaman,"I bought Oneplus Pad (12/256) for 21K, it's amazing with Dim9000"
@user-mr.crazY007,5-6k de do tablet ke liye followers ke liye itna to kr sakte ho
@ATHARVAGAWARE-r3e,15M
@sn_suman,"Best quality gaming  
PUBG / BGMI 120fps 
Lenovo legion gaming tablet 12/256GB under 35k"
@rajratre6798,-
@AbhishekSharma-nt7vm,Sir aap mujhe moto edge 60 fusion phone gift karenge
@ashishcreation194,-
@LittleSGRider,First comment
@rktubevolg01,First comment
@bharathraj8866,one plus tab 1
@RajRajput-kn8ee,Ô∏èÔ∏èÔ∏èÔ∏èÔ∏èÔ∏èÔ∏èÔ∏èÔ∏è
@priyankadeshmukh173,Under 20000
@pankajkumawat1497,Apple  1:13
@Karnawal1322,Reason Hai anime
@k12iyanp09,6 min video and 2 min ad YouTube mc 
@Tanosh880,Bhai main bohut Gurib ho bhai please mujhe help karo bhai please 
@jabin_goyal.14,"Tablet under 30k Ô∏è 
(Only for Amazon or flipkart credit card  users) 

Tablet under 40k Ô∏è 
This is real  title for this video   
Jisko bhi Tablet 30k chahiye vah trakin G ki Tablet under 20k dekhe uss video mein Tablet under 30k par bank offers ke baad 20k hai Ô∏èÔ∏èÔ∏èÔ∏èÔ∏èÔ∏è 


Trakin G title thoda sahi Type ‡§ï‡•Ä‡§ú‡§ø‡§è har kisi ke pass amazon or flipkart ka credit card nahi hota isliye "
@eerrrrrr3702,"BEST tablet under 18k ....
Lenovo tab p12... 12.7inch....3kdisplY......10200....8 .128gb.......
AK DAM MAST HA ABHI MA YAHI USE KAR RAHA HU"
@abhinandanmehta9777,"xiaomi bekar h for eye 
vision kharab kr rha h"
@ZahidSheikh-l2w,Poco f 7
@greenhaunt,Goodnight
@ZahidSheikh-l2w,Poco f7
@Moheshkutum21,-
@Moheshkutum21,-
@alonewalker.99,-
@Fir_comedy,Sir Redmi note 7 pro ka motherboard chahiye bhout jada jaruri agar aapke paas ho to please sell kr do mere ko bohot jarurat hai please me aapka subscriber hu please help kr do please
@allvideoclip3372,hanko eak phone gift kar dete
@Shubham_022,Milan
@vishalthul,Ô∏è
@officialkrishna364,Bhaiya mujhe ek phone gift kardo plz
@dakshraina940,Op
@solomonthong650,-
@Gadget_linkz,Hiiiiiii sir
@Cartoon_World_creator,Samsung tab S9 series ki sabhi tab ki video dijiye na pls sir
@armymotivation5508,Mujhe koi to ek phone gift kar dijiye na please please bhaiya please please
@SRPGAMER-o5k,Please Sir please meri madad karo please sir
@Biciop,-
@thephysicscatalyst6048,"99% mobile manufacturing in india after 2014 BJP government, but chamche don't talk about this"
@SRPGAMER-o5k,Hello Sir mera naam Sonu hai mai bahut gareeb mai aapka bahot purana subscriber hu aap please meri madad karo please mujhe 5000 hazaar rupaye ka bahot zarurat
@MukulKumar-b5q6g,Bhaiya please 1 mobile gift de do please bhaiya please
@asgamer916,Hii
@0ct0o,For all the ppl searching for Samsung tabs don't buy anything under S series as below that they give Exynos which is shit & even in S series a 50k ipad beats the flagship s10 tablet at everything so if u prefer performance get ipad just invest on an apple pencil that's the cone with 60hz
